{"cameraMode":{"drawMode":0,"name":"Shaded","section":"Shading Mode"},"sceneLighting":true,"audioPlay":false,"sceneViewState":{"m_AlwaysRefresh":false,"showFog":true,"showSkybox":true,"showFlares":true,"showImageEffects":true,"showParticleSystems":true,"showVisualEffectGraphs":true,"m_FxEnabled":true},"in2DMode":false,"pivot":{"x":554.6912841796875,"y":727.883056640625,"z":-591.3646240234375},"rotation":{"x":0.026702841743826867,"y":0.017389334738254548,"z":-0.000458050548331812,"w":0.9995121359825134},"size":361.54571533203127,"orthographic":false}